<?xml version="1.0" encoding="UTF-8"?>
<project-private xmlns="http://www.netbeans.org/ns/project-private/1">
    <editor-bookmarks xmlns="http://www.netbeans.org/ns/editor-bookmarks/2" lastBookmarkId="0"/>
    <open-files xmlns="http://www.netbeans.org/ns/projectui-open-files/2">
        <group>
            <file>file:/C:/Users/davro/OneDrive/Documentos/NetBeansProjects/ProyectoPakingProg2/src/intento2Parking/Parking.java</file>
            <file>file:/C:/Users/davro/OneDrive/Documentos/NetBeansProjects/ProyectoPakingProg2/src/intento2Parking/Terminal.java</file>
            <file>file:/C:/Users/davro/OneDrive/Documentos/NetBeansProjects/ProyectoPakingProg2/src/intento2Parking/PagoAceptado.java</file>
            <file>file:/C:/Users/davro/OneDrive/Documentos/NetBeansProjects/ProyectoPakingProg2/src/intento2Parking/MeterCoches.java</file>
        </group>
    </open-files>
</project-private>
